7011, WSJ.com: What's News US
7012, WSJ.com: What's News Europe
7013, WSJ.com: What's News Asia
7014, WSJ.com: US Business
7015, WSJ.com: What's News Technology
7016, WSJ.com: What's News US
7017, WSJ.com: Media &amp; Marketing
7018, WSJ.com: What's News US
7019, WSJ.com: What's News Europe
7020, WSJ.com: Media &amp; Marketing
7021, 
7026, WSJ.com: What's News Technology
7028, WSJ.com: The Numbers Guy
7030, WSJ.com: Today's Most Popular
7031, WSJ.com: Markets
7041, WSJ.com: Opinion
7050, WSJ.com Sitemap
7051, wsj.com Sitemap
7060, WSJ.com: What's News US
7061, WSJ.com: What's News Europe
7062, WSJ.com: What's News Asia
7067, WSJ.com: Editors Picks
7071, WSJ.com: Personal Technology
7075, 
7076, 
7077, WSJ.com: Today's Free Features
7078, WSJ.com: Health
7080, WSJ.com: Law Page
7081, WSJ.com: Personal Journal
7082, WSJ.com: Tastings
7083, WSJ.com: In Today's Paper - U.S.
7084, WSJ.com: In Today's Paper - U.S.
7085, WSJ.com: World News
7086, WSJ.com: Economy
7087, WSJ.com: Politics And Policy
7088, WSJ.com: Earnings
7089, WSJ.com: Health
7090, WSJ.com: Politics And Policy
7092, WSJ.com: Autos
7093, WSJ.com: Real Estate
7094, WSJ.com: Gadgets
7096, WSJ.com: E-Commerce/Media
7097, WSJ.com: Asia Technology
7098, WSJ.com: Europe Technology
7099, WSJ.com: Deals &amp; Deal Makers
7100, WSJ.com: Sports
7101, WSJ.com: Europe Markets News
7102, WSJ.com: Asia Markets News
7103, WSJ.com: Hedge Funds
7104, WSJ.com: Money
7105, WSJ.com: Homes
7106, WSJ.com: Travel
7107, WSJ.com: Careers
7108, WSJ.com: PJ Columns
7109, WSJ.com: Keyword: Politics and Policy
7110, WSJ.com: Science Journal
7111, WSJ.com: The Numbers Guy
7112, WSJ.com: Enterprise
7113, WSJ.com: The Doctor's Office
7114, WSJ.com: Getting Going
7115, WSJ.com: Readback
7116, WSJ.com: Deja Vu
7117, WSJ.com: Fiscally Fit
7118, WSJ.com: Long &amp; Short
7119, WSJ.com: Long &amp; Short Mailbox
7120, WSJ.com: The Small Screen
7121, WSJ.com: Real Time
7122, WSJ.com: The Daily Fix
7123, WSJ.com: Tastings
7124, WSJ.com: Portals
7125, WSJ.com: The Afternoon Report
7126, WSJ.com: The Evening Wrap
7127, WSJ.com: Trading Shots
7128, WSJ.com: Wonder Land
7129, WSJ.com: Tax Report
7130, WSJ.com: In the Lead
7131, WSJ.com: Business World
7132, WSJ.com: The FLaw
7133, WSJ.com: Thinking Global
7134, WSJ.com: Ahead of the Tape
7135, WSJ.com: The Informed Patient
7136, WSJ.com: Hunting &amp; Gathering
7137, WSJ.com: Green Thumb
7138, WSJ.com: Hollywood Report
7139, WSJ.com: The Middle Seat
7140, WSJ.com: Middle Seat Mailbox
7141, WSJ.com: Global View
7142, WSJ.com: Film Review
7143, WSJ.com: Personal Technology
7144, WSJ.com: Morgenstern on Movies
7145, WSJ.com: Mossberg's Mailbox
7146, WSJ.com: The Mossberg Solution
7147, WSJ.com: What's Your Workout?
7148, WSJ.com: Business
7149, WSJ.com: Love &amp; Money
7150, WSJ.com: Health Journal
7151, WSJ.com: Health Mailbox
7152, WSJ.com: The Expat Life
7153, WSJ.com: By the Numbers
7154, WSJ.com: Cubicle Culture
7155, WSJ.com: The Morning Brief
7156, WSJ.com: Going Global
7157, WSJ.com: Work &amp; Family
7158, WSJ.com: Virtual Reality
7159, WSJ.com: Loose Wire
7160, WSJ.com: Act One
7161, WSJ.com: On Sports
7162, WSJ.com: Drive Buys
7163, WSJ.com: Me &amp; My Car
7164, WSJ.com: Capital
7165, WSJ.com: Capital Exchange
7166, WSJ.com: Eyes on the Road
7167, WSJ.com: Moving On
7168, WSJ.com: Business Europe
7169, WSJ.com: Eurasia
7170, WSJ.com: The Outlook
7171, WSJ.com: Heard on the Street
7172, WSJ.com: Washington Wire
7173, WSJ.com: Manager's Journal
7174, WSJ.com: State of the Union
7175, WSJ.com: Tracking the Numbers
7176, WSJ.com: Pursuits
7177, WSJ.com: Arts &amp; Entertainment
7178, 404 Not Found
7179, WSJ.com: M.B.A Track
7180, WSJ.com: World Economy
7181, WSJ.com: Fiscally Fit Exchange
7182, WSJ.com: Campaign Journal
7183, WSJ.com: Politics &amp; People
7184, WSJ.com: European Observer
7185, WSJ.com: Real Time Exchange
7186, WSJ.com: Portals Exchange
7187, WSJ.com: Capital Journal
7188, WSJ.com: Fiend Exchange
7189, WSJ.com: Fund Fiend
7190, WSJ.com: Heard in Europe
7191, WSJ.com: Your Money Matters
7192, WSJ.com: Heard in Asia
7193, WSJ.com: Home Economics
7194, WSJ.com: The Outlook
7195, WSJ.com: In Today's Paper - Europe
7196, WSJ.com: In Today's Paper - Asia
7197, WSJ.com: Market Beat
7198, WSJ.com: Today's Most Popular
7199, WSJ.com: Hedge Funds
7200, WSJ.com: PJ Main
7201, WSJ.com: Lifestyle
7202, WSJ.com: Weekend Journal
7203, WSJ.com: Books
7204, WSJ.com: Sports
7205, WSJ.com: Page One
7206, WSJ.com: Marketplace
7207, WSJ.com: Money and Investing
7208, WSJ.com: Personal Journal
7209, WSJ.com: Weekend Journal
7210, WSJ.com: Enterprise
7211, WSJ.com: The Doctor's Office
7212, WSJ.com: The FLaw
7213, WSJ.com: Thinking Global
7214, WSJ.com: Green Thumb
7215, WSJ.com: Hollywood Report
7216, WSJ.com: Morgenstern on Movies
7217, WSJ.com: What's Your Workout
7218, WSJ.com: The Expat Life
7219, WSJ.com: The Weekend Adviser
7220, WSJ.com: Business Europe
7221, WSJ.com: State of the Union
7222, WSJ.com: Tracking the Numbers
7223, WSJ.com: On Sports
7224, WSJ.com: The View From Fantasyland
7225, WSJ.com: Drive Buys
7226, WSJ.com: Me &amp; My Car
7227, WSJ.com: Growth Plays
7228, WSJ.com: All Articles
7229, WSJ.com: Columnist
7230, WSJ.com: U.S. Business
7231, WSJ.com: Deals &amp; Deal Makers
7232, WSJ.com: Gadgets
7234, WSJ.com: Latest News
7235, WSJ.com: Build &amp; Improve
7236, WSJ.com: Catalog Critic
7237, WSJ.com: Buying &amp; Selling
7238, WSJ.com: Cranky Consumer
7239, WSJ.com: Family Finances
7240, WSJ.com: Home &amp;Garden
7241, WSJ.com: Manage Your Career
7242, WSJ.com: Off the Beaten Track
7243, WSJ.com: Quick Fix
7244, WSJ.com: TV Reviews
7245, WSJ.com: Music Reviews
7246, WSJ.com: Second Homes
7247, WSJ.com: Tricks of the Trade
7248, WSJ.com: Book Reviews
7249, WSJ.com: Wealth Manager
7250, WSJ.com: Job-Hunting Advice
7251, WSJ.com: Most Viewed Week
7252, WSJ.com: Most Viewed Month
7253, WSJ.com: Most Emailed Week
7254, WSJ.com: Most Emailed Month
7255, Barrons.com: All Articles
7256, WSJ.com: Page One
7257, WSJ.com: Marketplace
7258, WSJ.com: Money and Investing
7259, WSJ.com: Personal Journal
7260, WSJ.com: Weekend Journal
7261, WSJ.com: Pursuits
7262, WSJ.com: Special Report
7288, WSJ.com: Market Movers
7289, WSJ.com: Technology
7290, WSJ.com: Reviews
7291, WSJ.com: Asia Technology
7292, WSJ.com: Who's News
7293, Business News: Asia
7294, Business News: Americas
7295, Business News: Europe
7296, Business News: U.S
7297, Markets: Other Markets
7298, Markets: World Stocks
7299, Opinion: U.S
7300, WSJ.com: Waste Management Services
7301, WSJ.com: Small Business Link
7302, WSJ.com: Personal Journal
7303, WSJ.com: The Daily Davos
7304, WSJ.com: Markets Most Popular articles for past 24 hours
7305, WSJ.com: RSS - Markets Most Popular articles for past 7 days
7306, WSJ.com: RSS - Markets Most Popular articles for past 30 days
7307, WSJ.com: RSS - Technology Most Popular articles for past 24 hours
7308, WSJ.com: RSS - Technology Most Popular articles for past 7 days
7309, WSJ.com: RSS - Technology Most Popular articles for past 30 days
7310, WSJ.com: RSS - Leisure Most Popular articles for past 24 hours
7311, WSJ.com: RSS - Leisure Most Popular articles for past 7 days
7312, WSJ.com: RSS - Leisure Most Popular articles for past 30 days
7313, WSJ.com: RSS - Personal Journal Most Popular articles for past 24 hours
7314, WSJ.com: RSS - Personal Journal Most Popular articles for past 7 days
7315, WSJ.com: RSS - Personal Journal Most Popular articles for past 30 days
7316, WSJ.com: RSS - Opinion Most Popular articles for past 24 hours
7317, WSJ.com: RSS - Opinion Most Popular articles for past 7 days
7318, WSJ.com: RSS - Opinion Most Popular articles for past 30 days
7319, Barrons.com: All Articles
7320, WSJ.com: All Articles
7321, WSJ.com: Business Insight
7322, WSJ.com: Free Articles
7323, WSJ.com: Ask Teri
7324, WSJ.com: The Game
7325, WSJ.com: Face the Music
7326, WSJ.com: The Wealth Report
7327, WSJ.com: Wine Notes
7328, WSJ.com: Talking Tech
7329, WSJ.com: Managing Your Career
7330, WSJ.com: Golf Journal
7331, WSJ.com: Declarations
7332, WSJ.com: Time Waster
7333, WSJ.com: The Driver's Seat
7334, WSJ.com: Small Talk
7335, WSJ.com: Potomac Watch
7336, WSJ.com: Fashion Journal
7337, WSJ.com: Hollywood Report
7338, WSJ.com: The Outlook
7339, WSJ.com: Remembrances
7340, WSJ.com: Science Journal
7341, WSJ.com: Fashion Journal
7342, WSJ.com: Autos Main
7343, WSJ.com: The Weekend Interview
7344, WSJ.com: Lifelines
7345, WSJ.com: The Americas
7346, WSJ.com: Cross Country
7347, WSJ.com: The Middle Seat
7348, WSJ.com Small Business -- Smart Money
7349, WSJ.com: Travel Content
7350, WSJ.com: What's News US
7351, WSJ.com: What's News Technology
7352, WSJ.com: Weekend Journal
7353, WSJ.com: Autoweek All Auto Content
7354, WSJ.com: Autoweek
7355, My Yahoo RSS Feed
7356, Barrons.com: All Articles
7357, WSJ.com: ROI
7358, WSJ.com: Theory and Practice
7359, WSJ.com: Letter From The City
7360, WSJ.com: Information Age
7361, WSJ.com: Main Street
7362, WSJ.com: The Tilting Yard
7363, WSJ.com: Heard on the Street
7364, WSJ.com: World News
7365, WSJ.com: What's News US
7366, WSJ.com: What's News Europe
7367, WSJ.com: What's News Asia
7368, WSJ.com: US Business
7369, WSJ.com: Media &amp; Marketing
7370, WSJ.com: Today's Most Popular
7371, WSJ.com: World News
7372, WSJ.com: Economy
7373, WSJ.com: Politics And Policy
7374, WSJ.com: Earnings
7375, WSJ.com: Health
7377, WSJ.com: Autos
7378, WSJ.com: Gadgets
7380, WSJ.com: Money
7381, WSJ.com: Homes
7382, WSJ.com: Travel
7383, WSJ.com: Careers
7384, WSJ.com: Health Journal
7385, WSJ.com: Arts &amp; Entertainment
7386, WSJ.com: Today's Most Popular
7387, WSJ.com: PJ Main
7388, WSJ.com: Books
7389, WSJ.com: Sports
7390, WSJ.com: Marketplace
7391, WSJ.com: Personal Finance
7392, WSJ.com: Enterprise
7393, WSJ.com: Most Viewed Week
7394, WSJ.com: Most Viewed Month
7395, WSJ.com: Most Emailed Week
7396, WSJ.com: Most Emailed Month
7397, WSJ.com: Commercial Real Estate
7398, WSJ.com: Sports Predictions
7400, WSJ.com: Real Estate
7401, WSJ.com: Commercial Real Estate
7402, WSJ.com: Beijing Olympics
7403, WSJ.com: TBC 4 Articles Per Topic
7404, WSJ.com: News &amp;Trends
7405, WSJ.com: Getting Ahead
7406, WSJ.com: Career Strategies
7407, WSJ.com: Journal Women
7408, WSJ.com: Office Life
7409, WSJ.com: Education
7410, WSJ.com: Who's News
7411, WSJ.com: Small-Business Financing
7412, WSJ.com: Running a Business
7413, WSJ.com: Using Technology
7414, WSJ.com: Building Awareness
7415, WSJ.com: Franchising
7416, WSJ.com: Small Business Link
7417, WSJ.com: Buying &amp; Selling
7418, WSJ.com: Second Homes
7419, WSJ.com: Home and Garden
7420, WSJ.com: Leisure &amp; Arts
7421, WSJ.com: Arts &amp; Entertainment
7422, WSJ.com: Food &amp; Drink
7423, WSJ.com: Family Finance
7424, WSJ.com: Insurance
7425, WSJ.com: Investing
7426, WSJ.com: Loans &amp; Credit
7427, WSJ.com: Retirement Planning
7428, WSJ.com: Taxes
7429, WSJ.com: Business Technology
7430, WSJ.com: Internet
7431, WSJ.com: Heard on the Street
7432, WSJ.com: World Markets
7433, WSJ.com: Management
7434, WSJ.com: Best of the Web Today
7435, WSJ.com: Journal Reports
7436, WSJ.com: Politics And Policy
7437, WSJ.com: Remembrances
7438, WSJ.com: The Intelligent Investor
7439, WSJ.com: Enterprise
7440, WSJ.com: About UK
7441, WSJ.com: About China
7442, WSJ.com: About India
7443, WSJ.com: Weekend Europe
7444, WSJ.com: Weekend Asia
7445, WSJ.com: Most Popular Europe
7446, WSJ.com: Most Popular Asia
7447, WSJ.com: Letters From The City
7448, WSJ.com: Managing in Asia
7449, WSJ.com: Small Business
7450, WSJ.com: Free Articles
7451, WSJ.com: Free Asia Articles
7452, WSJ.com: Free Europe Articles
7453, WSJ.com: Free India Articles
7454, WSJ.com: Personal Technology
7455, WSJ.com: Technology
7456, WSJ.com: Barron's Online Content
7457, WSJ.com: WSJ Markets
7458, WSJ.com: Media RSS - US Page
7459, WSJ.com: Media RSS - World Page
7460, WSJ.com: Media RSS - Europe Page
7461, WSJ.com: Media RSS - Asia Page
7462, WSJ.com: Media RSS - Markets and Investing
7463, WSJ.com: Media RSS - Personal Finance
7464, WSJ.com: Media RSS - Real Estate
7465, WSJ.com: Media RSS - Opinion
7466, WSJ.com: Media RSS - Business
7467, WSJ.com: Media RSS - Tech
7468, WSJ.com: Media RSS - Life and Style
7469, WSJ.com: Media RSS - Managing
7470, WSJ.com: Media RSS - Small Business
7471, WSJ.com: Media RSS - Careers
7472, WSJ.com: Media RSS - Management
7473, WSJ.com: Media RSS - Most Popular
7474, WSJ.com: A-hed
7475, WSJ.com: Media RSS - What's News
7476, WSJ.com: Community Lead Story
7477, WSJ.com: Angwin Technology
7478, WSJ.com: Crunchonomics
7479, WSJ.com: Crunchonomics(Careers)
7480, WSJ.com: Asia Home
7481, WSJ.com: Europe Home
7482, WSJ.com: Asia
7483, WSJ.com: Europe
7484, WSJ.com: All Stories
7485, WSJ.com: Asia Opinion
7486, WSJ.com: Europe Opinion
7487, WSJ.com: Asia
7488, WSJ.com: Europe
7489, WSJ.com: India Home
7490, WSJ.com: Stocks
7491, WSJ.com: Bonds
7492, WSJ.com: Commodities
7493, WSJ.com: Sports
7494, WSJ.com: Health
7495, WSJ.com: SmallBusiness
7566, WSJ.com: All Articles
7573, WSJ.com: Editors' Picks
7574, WSJ.com: Opinion Columns
7575, WSJ.com: Page One
7576, WSJ.com: Manpower Feed (Full Article)
7577, WSJ.com: Manpower Feed (Summaries)
7578, WSJ.com: Taxes
7635, WSJ.com: BONDS
7636, WSJ.com: COMMODITIES
7637, WSJ.com: HOT STOCKS
7638, WSJ.com: CURRENCIES
7639, WSJ.com: GLOBAL STOCKS
7640, WSJ.com: World Markets
7641, WSJ.com: What's News Asia
7642, WSJ.com: What's News Europe
7643, WSJ.com: India Keyword
7644, WSJ.com: Second Acts
7645, WSJ.com: Pay Grade
7646, WSJ.com: Economy
7648, WSJ.com: Media &amp; Marketing
7649, WSJ.com: Management
7650, WSJ.com: Management (Keyword-ArticleType Based)
7651, WSJ.com: Europe Home
7652, WSJ.com: Power Shift
7653, WSJ.com: Management (Twitter)
7654, WSJ.com: Today's Predictions
7656, WSJ.com: India Journal
7657, WSJ.com: Small Business
7660, WSJ.com: Special Report (iPhone)
7662, WSJ.com: Writing on the Wall
7663, WSJ.com: iPhone Special Report (Economy)
7664, WSJ.com: India Elections
7665, WSJ.com: Business Week Business Exchange
7666, WSJ.com: Investing in Funds
7667, WSJ.com: India News
7668, WSJ.com: The New Global Indian
7670, WSJ.com: Real Estate
7672, WSJ.com: Small Business
7673, WSJ.com: The Obama Budget
7674, WSJ.com: Market's Editor's Picks
7675, WSJ.com: Personal Technology
7676, WSJ.com: Careers
7677, WSJ.com: Deals
7678, WSJ.com: Bonds
7679, WSJ.com: Stocks
7680, WSJ.com: Barron's Content (Fidelity)
7681, WSJ.com: WSJ Content (Fidelity)
7682, WSJ.com: Fashion
7683, WSJ.com: Earnings (WSJ Adviser)
7684, WSJ.com: Earnings Newswire (WSJ Adviser)
7685, WSJ.com: WSJ Small Business Ad
7686, WSJ.com: Microtrends
7687, WSJ.com: Americas (Spanish)
7688, WSJ.com: Americas (Portugues)
7689, WSJ.com: Currencies (Left rail)
7690, WSJ.com: Commodities (Left Rail)
7691, WSJ.com: Americas (Principales Noticias de Negocios)
7692, WSJ.com: Americas (Recomendaciones del Editor)
7693, WSJ.com: Americas (Spanish)
7694, WSJ.com: Bonds
7696, WSJ. Magazine
7697, Barron's Penta
7698, WSJ.com: Management India
7700, WSJ.com: Encore